/*Product*/
INSERT INTO PRODUCT (PRODUCT_ID, PRODUCT_TYPE, PRODUCT_NAME, PRODUCT_PRICE, PRODUCT_QUANTITY) VALUES (1, 'Rod', 'Spinning Rod', 150.00, 10);
INSERT INTO PRODUCT (PRODUCT_ID, PRODUCT_TYPE, PRODUCT_NAME, PRODUCT_PRICE, PRODUCT_QUANTITY) VALUES (2, 'Rod', 'Casting Rod', 120.00, 15);
INSERT INTO PRODUCT (PRODUCT_ID, PRODUCT_TYPE, PRODUCT_NAME, PRODUCT_PRICE, PRODUCT_QUANTITY) VALUES (3, 'Reel', 'Spinning Reel', 75.00, 20);
INSERT INTO PRODUCT (PRODUCT_ID, PRODUCT_TYPE, PRODUCT_NAME, PRODUCT_PRICE, PRODUCT_QUANTITY) VALUES (4, 'Reel', 'Baitcasting Reel', 85.00, 12);
INSERT INTO PRODUCT (PRODUCT_ID, PRODUCT_TYPE, PRODUCT_NAME, PRODUCT_PRICE, PRODUCT_QUANTITY) VALUES (5, 'Line', 'Braided Line', 25.00, 50);
INSERT INTO PRODUCT (PRODUCT_ID, PRODUCT_TYPE, PRODUCT_NAME, PRODUCT_PRICE, PRODUCT_QUANTITY) VALUES (6, 'Line', 'Monofilament Line', 15.00, 60);
INSERT INTO PRODUCT (PRODUCT_ID, PRODUCT_TYPE, PRODUCT_NAME, PRODUCT_PRICE, PRODUCT_QUANTITY) VALUES (7, 'Lure', 'Crankbait', 8.50, 100);
INSERT INTO PRODUCT (PRODUCT_ID, PRODUCT_TYPE, PRODUCT_NAME, PRODUCT_PRICE, PRODUCT_QUANTITY) VALUES (8, 'Lure', 'Spinnerbait', 7.00, 80);
INSERT INTO PRODUCT (PRODUCT_ID, PRODUCT_TYPE, PRODUCT_NAME, PRODUCT_PRICE, PRODUCT_QUANTITY) VALUES (9, 'Accessory', 'Fishing Pliers', 12.00, 25);
INSERT INTO PRODUCT (PRODUCT_ID, PRODUCT_TYPE, PRODUCT_NAME, PRODUCT_PRICE, PRODUCT_QUANTITY) VALUES (10, 'Accessory', 'Tackle Box', 45.00, 30);
INSERT INTO PRODUCT (PRODUCT_ID, PRODUCT_TYPE, PRODUCT_NAME, PRODUCT_PRICE, PRODUCT_QUANTITY) VALUES (11, 'Accessory', 'Tackle Box', 45.00, 30);

/*Supplier */

INSERT INTO SUPPLIER (SUPPLIER_NAME, CONTACT_NO, ADDRESS, EMAIL) VALUES('Global Supplies Inc.', '212-555-1234', '123 Main St, New York, NY 10001', 'contact@globalsupplies.com');
INSERT INTO SUPPLIER (SUPPLIER_NAME, CONTACT_NO, ADDRESS, EMAIL) VALUES('West Coast Distributors', '323-555-5678', '456 Sunset Blvd, Los Angeles, CA 90001', 'info@westcoastdist.com');
INSERT INTO SUPPLIER (SUPPLIER_NAME, CONTACT_NO, ADDRESS, EMAIL) VALUES('Midwest Supply Co.', '312-555-8765', '789 Michigan Ave, Chicago, IL 60601', 'sales@midwestsupply.com');
INSERT INTO SUPPLIER (SUPPLIER_NAME, CONTACT_NO, ADDRESS, EMAIL) VALUES('Lone Star Suppliers', '713-555-2345', '321 Bay Area Blvd, Houston, TX 77001', 'support@lonestarsuppliers.com');
INSERT INTO SUPPLIER (SUPPLIER_NAME, CONTACT_NO, ADDRESS, EMAIL) VALUES('Desert Wholesale', '602-555-6789', '654 Grand Ave, Phoenix, AZ 85001', 'contact@desertwholesale.com');
INSERT INTO SUPPLIER (SUPPLIER_NAME, CONTACT_NO, ADDRESS, EMAIL) VALUES('East Coast Supplies', '215-555-3456', '987 Chestnut St, Philadelphia, PA 19101', 'info@eastcoastsupplies.com');
INSERT INTO SUPPLIER (SUPPLIER_NAME, CONTACT_NO, ADDRESS, EMAIL) VALUES('Alamo Suppliers', '210-555-9876', '543 Alamo Plaza, San Antonio, TX 78201', 'sales@alamosuppliers.com');
INSERT INTO SUPPLIER (SUPPLIER_NAME, CONTACT_NO, ADDRESS, EMAIL) VALUES('Harbor Distributors', '619-555-6543', '876 Harbor Dr, San Diego, CA 92101', 'support@harbordist.com');
INSERT INTO SUPPLIER (SUPPLIER_NAME, CONTACT_NO, ADDRESS, EMAIL) VALUES('Metro Supplies', '214-555-7654', '210 Elm St, Dallas, TX 75201', 'contact@metrosupplies.com');
INSERT INTO SUPPLIER (SUPPLIER_NAME, CONTACT_NO, ADDRESS, EMAIL) VALUES('Silicon Valley Distributors', '408-555-4321', '432 Market St, San Jose, CA 95101', 'info@siliconvalleydist.com');

/*PURCHASE_ORDER*/
INSERT INTO PURCHASE_ORDER (PURCHASE_ORDER_NUMBER, SUPPLIER_ID, PRODUCT_ID, QUANTITY, ORDER_DATE, PRICE) VALUES(1, 1, 1, 100, '2023-08-01', 5000);
INSERT INTO PURCHASE_ORDER (PURCHASE_ORDER_NUMBER, SUPPLIER_ID, PRODUCT_ID, QUANTITY, ORDER_DATE, PRICE) VALUES(2, 2, 2, 200, '2023-08-02', 10000);
INSERT INTO PURCHASE_ORDER (PURCHASE_ORDER_NUMBER, SUPPLIER_ID, PRODUCT_ID, QUANTITY, ORDER_DATE, PRICE) VALUES(3, 3, 3, 150, '2023-08-03', 7500);
INSERT INTO PURCHASE_ORDER (PURCHASE_ORDER_NUMBER, SUPPLIER_ID, PRODUCT_ID, QUANTITY, ORDER_DATE, PRICE) VALUES(4, 1, 2, 250, '2023-08-04', 12500);
INSERT INTO PURCHASE_ORDER (PURCHASE_ORDER_NUMBER, SUPPLIER_ID, PRODUCT_ID, QUANTITY, ORDER_DATE, PRICE) VALUES(5, 2, 3, 300, '2023-08-05', 15000);
INSERT INTO PURCHASE_ORDER (PURCHASE_ORDER_NUMBER, SUPPLIER_ID, PRODUCT_ID, QUANTITY, ORDER_DATE, PRICE) VALUES(6, 3, 1, 175, '2023-08-06', 8750);
INSERT INTO PURCHASE_ORDER (PURCHASE_ORDER_NUMBER, SUPPLIER_ID, PRODUCT_ID, QUANTITY, ORDER_DATE, PRICE) VALUES(7, 1, 3, 225, '2023-08-07', 11250);
INSERT INTO PURCHASE_ORDER (PURCHASE_ORDER_NUMBER, SUPPLIER_ID, PRODUCT_ID, QUANTITY, ORDER_DATE, PRICE) VALUES(8, 2, 1, 275, '2023-08-08', 13750);
INSERT INTO PURCHASE_ORDER (PURCHASE_ORDER_NUMBER, SUPPLIER_ID, PRODUCT_ID, QUANTITY, ORDER_DATE, PRICE) VALUES(9, 3, 2, 125, '2023-08-09', 6250);
INSERT INTO PURCHASE_ORDER (PURCHASE_ORDER_NUMBER, SUPPLIER_ID, PRODUCT_ID, QUANTITY, ORDER_DATE, PRICE) VALUES(10, 1, 2, 350, '2023-08-10', 17500);
